name,category
"Alienware M15 Thin and Light 15"" Gaming Laptop i7-8750H, GTX 1070 Max Q, 128GB NVMe SSD + 1TB SSHD,  16GB DDR4 2666Mhz, 17.9mm Thick & 4.78lbs, Magnesium Alloy Chassis",4
Coach Signature Zip File Crossbody Bag,5
"Apple iPhone 8, Unlocked, 64GB - Space Gray (Renewed)",3
"Estee Lauder Revitalizing Supreme + Global Anti-Aging Cell Power Creme, 1.7 Ounce",2
Columbia Men's RFID Leather Wallet - Big Skinny Trifold Vertical Security Protection Credit Card Slots and ID Window,5
CHȂNEL Coco Mademoiselle Eau De Parfum spray For Women 3.4 OZ.,2
Chanel: Collections and Creations,7
CHANEL Black Quilted Satin Paris Limited Flap Bag (Pre-Owned),5
Bleu De_Chanel for Men Eau De Toilette Spray 3.4oz NEW in BOX,2
C h a n e l Chance Tendre Eau de Toilette Spray For Women 1.7 OZ./ 50 ml.,2
Chanel: The Complete Karl Lagerfeld Collections (Catwalk),7
CHANEL Black Patent Leather & Sequin Boy Small (Pre-Owned),5
"Chânel No.5 Eau De Parfum Spray for Woman, EDP 1.7 Ounces 50 ML",2
Chanel: Fashion/ Fine Jewellery/ Perfume (Set of 3 Books) (Memoire),7
Fashion wall art #A107 - Set of 4 (8x10) art prints. Fashion poster. Illustration. art print.Chanel poster.artwork.Fashin pictures.makeup poster,8
C.h.a.n.e.l Coco Mademoiselle Eau De Parfum Spray 3.4oz 100ml.,2
I'm Chanel - Doing Chanel Things T-Shirt | Cute Name Gift,5
CHANEL: A girl should be two things: classy and fabulous.,7
Chanel LES BEIGES HEALTHY GLOW Natural Eyeshadow Palette New in Box,2
CHANEL Black Quilted Calfskin Cambon Ligne Bowler (Pre-Owned),5
Chane'l No. 5 Leau Vial Sample,21
"Set Glam Fashion wall pop art print - Illustration -Fashion Perfume Bag, Shoes, Graffiti Chanel, Vinyl Logo - Chic Vogue poster on Fine Art Paper 8""x10"" 1029, 683, 645",8
Chanel 5131-H Sunglasses Color 501/3C Black Size 60MM,5
Chanel Coco Body Cream 150ml,2
Pocket Coco Chanel Wisdom: Witty Quotes and Wise Words from a Fashion Icon (Pocket Wisdom),7
"Chancè Chanèl Eau Fraiche Eau De Toilette Spray, for Woman EDT 1.7 fl oz, 50 ml",2
HYDRA BEAUTY CRÈME HYDRATION PROTECTION RADIANCE 50 G.,2
Coco Chanel: The Illustrated World of a Fashion Icon,7
Dior Addict Lip Glow Color Awakening Lip Balm SPF 10 by Christian Dior for Women - 0.12 oz Lip Color,2
Chanel and Her World,7
CHANEL LE LIFT FIRMING - ANTI-WRINKLE EYE CREAM 15G.,2
Les Beiges Healthy Glow Sheer Colour Broad Spectrum SPF 15 Sunscreen # 30,2
CHANEL LE Volume DE Waterproof# 10 Noir New in Box,2
"Chanel No. 5 Body Lotion 6.8 ounces, 200 milliliters Perfumed Luxury Body",2
Coco Chanel & Igor Stravinsky,9
CHANEL Black Quilted Calfskin Boy Medium (Renewed),5
Chanel Signature Gift Box 8.75x 5.5X 3 Inches,10
Chanel Pins - Chanel Quotes - Chanel Perfume - Chanel Logo - Chanel Art - LGBT Jewelry - Chanel Gifts - Chanel No 5 - Chanel Men,8
"ZZYBIA Wristlet Clutch 2 way Coin Zip Mobile Case, Card Holder with Detachable Long Chain",3
CHANEL. MIROIR DOUBLE FACETTES (1 PCE),2
"Set Fashion wall pop art print - Illustration -Fashion Perfume Bag, Shoes, Graffiti Chanel, Logo - Chic Glam Vogue poster on Fine Art Paper 1047",8
Perfume Bottle Image Design Print Pattern Electrical Outlet Plate,11
"Chanel Hand Cream for Unisex, 1.7 Ounce",2
Danielle Boy Bag Purse - Silicone Shoulder Bag with Adjustable Straps - Navy  - Crimson Strap-Navy Pom Pom Keychain - Girls & Teen Accessories  - Dress-Up,12
"Apple iPhone 6s 64GB Unlocked Smartphone, GSM Only (AT&T/T-Mobile), Rose Gold (Refurbished)",3
"Apple iPhone 6, GSM Unlocked, 64GB - Space Gray (Refurbished)",3
"Apple iPhone 7 , Fully Unlocked, 32GB - Rose Gold (Renewed)",3
"Apple iPhone 6, GSM Unlocked, 16GB - Space Gray (Renewed)",3
"Apple iPhone 7, Fully Unlocked, 128GB - Rose Gold (Renewed)",3
"Apple iPhone 6S, GSM Unlocked, 16GB - Rose Gold (Refurbished)",3
"Apple iPhone 7 , GSM Unlocked, 128GB - Gold (Renewed)",3
"Apple iPhone 6S, Fully Unlocked, 64GB - Rose Gold (Renewed)",3
"Apple iPhone 7, GSM Unlocked, 32GB - Rose Gold (Refurbished)",3
"Apple iPhone 6, GSM Unlocked, 16GB - Gold (Renewed)",3
"Apple iPhone X, Fully Unlocked, 256GB - Space Gray (Renewed)",3
"Apple iPhone 6S, GSM Unlocked, 16GB - Space Grey (Refurbished)",3
"Apple iPhone 5S 16GB GSM Unlocked, Silver (Renewed)",3
"Apple iPhone 7 Plus, GSM Unlocked, 32GB - Black (Refurbished)",3
"Apple iPhone 6S, Fully Unlocked, 16GB - Rose Gold (Renewed)",3
POUDRE UNIVERSELLE LIBRE Natural Finish Loose Powder Color: 30 Naturel - Translucent 2,2
"Wall Art  Poster Print on Fine Art Paper- COCO CHANEL, Shoes, Book, Handbag Vogue - Famous Fashion Quote - Black WaterColor- 644, 645, 638",8
"Apple iPhone 6 Plus, GSM Unlocked, 16GB - Silver (Refurbished)",3
"Apple iPhone X, GSM Unlocked, 64GB - Space Gray (Refurbished)",3
"Apple iPhone 8, GSM Unlocked, 64GB - Space Gray (Renewed)",3
"Apple iPhone 8, GSM Unlocked, 64GB - Gold (Renewed)",3
"Apple iPhone 8, Fully Unlocked, 256GB - Space Gray (Renewed)",3
"Apple iPhone 8 64GB GSM Unlocked Smartphone, RED (Renewed)",3
"Apple iPhone 8, GSM Unlocked, 64GB (Renewed)",3
"Apple iPhone 8 Plus, Fully Unlocked, 64GB - Red (Renewed)",3
"Apple iPhone 8 Plus, GSM Unlocked, 64GB - Space Gray (Renewed)",3
"Apple iPhone 8 Plus 64GB Red (special edition Product RED) A1897 - Factory Unlocked - GSM ONLY, NO CDMA (Renewed)",3
"Apple iPhone 8, AT&T, 64GB - Space Gray (Renewed)",3
"Apple iPhone 8 Plus, Fully Unlocked, 64GB - Gold (Renewed)",3
Sony Alpha a6000 Mirrorless Digital Camera 24.3MP SLR Camera with 3.0-Inch LCD (Black) w/16-50mm Power Zoom Lens,4
Sony DSCW800/B 20.1 MP Digital Camera (Black),4
Sony (DSCW800) 20.1 MP Digital Camera (Silver),4
Sony DSCW830 20.1 MP Digital Camera with 2.7-Inch LCD (Silver),4
Sony Alpha a6000 Mirrorless Camera w/16-50mm & 55-210mm Lenses & 128GB Bundle,4
Sony Cyber‑Shot RX10 IV with 0.03 Second Auto-Focus & 25x Optical Zoom (DSC-RX10M4),4
Sony Cyber-shot HX80 Compact Digital Camera with 30x Optical Zoom (Black) + 32GB SDHC Memory Dual Battery Kit + Accessory Bundle,4
Sony Alpha a6000 Mirrorless Digitial Camera 24.3MP SLR Camera with 3.0-Inch LCD (Black) w/ 16-50mm Power Zoom Lens (Renewed),4
Sony Alpha a7IIK Mirrorless Digital Camera with 28-70mm Lens,4
Sony Alpha a6000 Mirrorless Camera w/ 16-50mm Lens & Two 64GB SD Card Bundle,4
"Sony RX100 VI 20.1 MP Premium Compact Digital Camera w/ 1-inch sensor, 24-200mm ZEISS zoom lens and pop-up OLED EVF (DSCRX100M6/B)",4
"Sony a7 III Full-Frame Mirrorless Interchangeable-Lens Camera Optical with 3-Inch LCD, Black (ILCE7M3/B)",4
"Sony RX100 20.2 MP Premium Compact Digital Camera w/ 1-inch Sensor, 28-100mm ZEISS Zoom Lens, 3” LCD",4
Sony DSCWX350 18 MP Digital Camera (Black),4
Sony Cyber-shot DSC-H300 20.1 MP Digital Camera - Black - Renewed,4
Sony Alpha a6300 Mirrorless Digital Camera with E PZ 16-50mm F3.5-5.6 OSS Power Zoom Lens (Black),4
"Sony Alpha a6000 Mirrorless Digital Camera with 16-50mm & 55-210mm Lens (Black) ILCE-6000Y/B with 500mm Preset f/8 Telephoto Lens + 0.43x Wide Angle, 2.2X Pro Bundle",4
Sony Alpha a5100 HD 1080p Mirrorless Digital Camera White + 16-50mm Lens Kit + 32GB Accessory Bundle + DSLR Photo Bag + Extra Battery + Wide Angle Lens + 2x Telephoto Lens + Flash + Remote + Tripod,4
"Sony Alpha a6400 Mirrorless Camera: Compact APS-C Interchangeable Lens Digital Camera with Real-Time Eye Auto Focus, 4K Video, Flip Screen & 16-50mm Lens - E Mount Compatible Cameras - ILCE-6400L/B",4
Sony a5100 16-50mm Mirrorless Digital Camera with 3-Inch Flip Up LCD (Black),4
Sony Alpha a6000 24.3MP Wi-Fi Mirrorless Digital Camera + 16-50mm Lens Kit (Black) + 64GB SD Card + DSLR Photo Bag + Extra Battery + Wide Angle Lens + 2X Telephoto Lens + Flash Bundle,4
"Sony Alpha a6500 Mirrorless Digital Camera w/ 2.95"" LCD (Body Only)",4
Sony a68 Translucent Mirror DSLR Camera (Body Only),4
Sony Alpha a6000 Digital Camera Wi-Fi w/ 18-55mm 55-210mm Zoom Lens Bundle (Renewed),4
Sony Alpha A6000 Wi-Fi Digital Camera & 16-50mm Lens with E-Mount 55-210mm f/4.5-6.3 OSS Zoom Lens,4
"Sony a6000 Interchangeable Lens Digital Camera - Black (24.3MP, Body Only)",4
kinokoo Tempered Glass Film for Sony HX99/HX99V/WX800/WX700 Crystal Clear Film Sony HX99 HX99V WX800 WX700 Screen Protector Bubble-Free/Anti-Scratch(2 Pack),4
"LCD USB Dual Battery Charger for Sony Cyber-Shot DSC-RX100M2, DSC-RX100M3, DSC-RX100M4, DSC-RX100M5, DSC-RX100M5A, DSC-RX100M6, DSC-WX300, DSC-WX350, DSC-WX500, DSC-WX700, DSC-WX800 Digital Camera",4
"Sony STR-DH790 7.2-ch AV Receiver, 4K HDR, Dolby Vision, Dolby Atmos, dts:X, with Bluetooth",4
"Sony CT800 Powerful Sound bar with 4K HDR, Google Home Support, and Wireless Subwoofer (HT-CT800)",4
Diamondere Natural and Certified Gemstone Infinity Knot Solitaire Necklace in 14k White Gold | 0.41 Carat Pendant with Chain,5
14 Karat White Gold Oval Shape 3.50 Carats Created Blue Sapphire Diamond Pendant,5
14 Karat White Gold Princess Cut 3.50 Carats Created Blue Sapphire Pendant,5
"Amazon Essentials Sterling Silver Genuine or Created Round Cut Birthstone Pendant Necklace, 18""",5
Dainty Raw Gold Sapphire Pendant Necklace - 16 Inch Length Stones 5-8mm Tiny,8
"Vibrille Sterling Silver Created Gemstone Jewelry Halo Pendant Necklace for Women, 18''",5
"Ice Gems Sterling Silver Small Dainty Round Genuine, Simulated Gemstone or Cubic Zirconia Choker Necklace",5
Fine Jewelry for Women Birthday Mothers Day ❤️ I Love You to the Moon and Back ❤️ Necklace Blue Sapphire Pendant Sterling Silver Swarovski Jewelry for Her Anniversary Gifts for Wife,5
"Caperci Sterling Silver Lab-Created Gemstone Heart Shaped Pendant Necklace, 18''",5
"Small Blue Sapphire Necklace - September Birthstone - Avail in Silver, Gold and Rose Gold",8
Sterling Silver Genuine or Simulated Gemstone & White Topaz Round Halo Slide Necklace,5
JewelryPalace Gemstones Stone Birthstone Statement Necklace for Women 925 Sterling Silver Halo Pendant Necklace for Women Princess Diana William Kate Middleton Necklace Chain Box 18 Inches,5
"""Shape Of My Heart"" Sterling Silver 12 Months Heart Necklace Created Birthstone Pendant - Mother's Day Gifts",5
"Sterling Silver Genuine, Created or Simulated Gem Teardrop Halo Dangling Necklace & Leverback Earrings",5
Diamondere Natural and Certified Gemstone and Diamond Butterfly Necklace in 14k White Gold | 1.04 Carat Pendant with Chain,5
Gem Stone King 925 Sterling Silver Sapphire Dust Hourglass Pendant Necklace 0.75 Cttw Gemstone Birthstone with 18 Inch Silver Chain,5
"Ice Gems Sterling Silver Genuine, Created or Simulated and White Topaz Oval S Design Three-Stone Journey Necklace",5
"Caperci Sterling Silver Gemstone Created Blue Sapphire Infinity Pendant Necklace for Women, 18''",5
"Sterling Silver 4-Stone Genuine or Created Gemstone Pendant Necklace (4mm), 18”",5
Women's Natural Navy Blue Sapphire Gemstone Beads Necklace with Silver Clasp 19.5'' (49.5cm),8
ChicSilver Heart Necklace Love Garnet January Birthstone Necklace Sterling Silver CZ Halo Pendant Red Heart Jewelry Gifts for Women and Girls,5
"Sterling Silver Gem Cross Heart Pendant Necklace for Girls, Teens or Women",5
Star K Choice of 10k Gold or Sterling Silver Heart Shape 8mm Endless Love Pendant Necklace,5
Real Blue Sapphire Ombre Beaded Necklace Gold Rose Gold or Silver,8
Mothers Day Necklace Love Infinity Cross Sterling Silver Jewelry Birthday Gifts for Mom Women Red Garnet Pendants Swarovski Necklace,5
"14k White Gold Pear Sapphire Pendant with 18"" Chain",5
Amanda Rose Collection Sterling Silver Heart of The Ocean Created Blue and White Sapphire Pendant-Necklace (12ct tw),5
"Sterling Silver Genuine, Created or Simulated Gemstone Oval Halo Necklace & Leverback Earrings Set",5
Finejewelers Solid 10k White Gold 7mm Heart Shaped Center Stone Pendant Necklace,5
1 ct Created Sapphire Pendant Necklace with Diamonds in 10K Gold,5
September Birthstone Sapphire Quartz Necklace - Sterling Silver Briolette Teardrop Jewelry - Gift for Her,8
2 7/8 ct Created Sapphire Solitaire Pendant Necklace in 14K White Gold,5
14 Karat White Gold Pear Shape 2.50 Carats Created Blue Sapphire Diamond Pendant,5
"Sterling Silver Genuine, Created or Simulated Gemstones and White Topaz Oval Halo Necklace and Stud Earrings Set",5
"Ice Gems Sterling Silver Small Dainty Heart Genuine, Simulated Gemstone or Cubic Zirconia Choker Necklace",5
Elda&Co Blue Sapphire Necklace Love Infinity or Heart Jewelry Sterling Silver Swarovski Gifts for Women,5
14 Karat White Gold Heart Shape 1.00 Carats Created Blue Sapphire Diamond Pendant,5
"Sterling Silver Genuine, Created or Simulated Gemstone 6mm Round Solitaire Bezel-Set Dainty Choker Necklace",5
"Caperci Sterling Silver Created Crystal Rhinestone Gemstone Double Heart Pendant Necklace, 18""",5
Merthus Antique Vintage 925 Sterling Silver Created Blue Sapphire Cluster Statement Necklace for Women,5
GuqiGuli 925 Sterling Silver Pendant Necklace Made with Lab-Created Gemstone,5
GEMMANCE Purple Butterfly Necklace Amethyst Pink Pendant Women Necklace Made with Swarovski Crystals Gifts for Her,5
"Sterling Silver Genuine, Simulated or Created Gemstone 7x7mm Heart Shaped Dainty Choker Necklace",5
Finejewelers Sterling Silver 7mm Round Center Stone Twist Pendant Necklace,5
"Sterling Silver Genuine, Created or Simulated Gemstone and White Topaz Round Halo Slide Short Choker Necklace for Girls, Teens or Women",5
"Sterling Silver Genuine, Created or Simulated Gemstone and White Topaz Accents Round Halo Necklace and Stud Earrings Set",5
"Sterling Silver Created Gemstone and Created White Sapphire Wrapped Heart Pendant Necklace, 18""",5
"Sterling Silver Created Ruby and White Sapphire Double Heart Pendant Necklace, 18""",5
"Unheated Blue Sapphire Necklace, GIA Certified, 1.05 Carats, Sri Lanka Origin, Brilliant Cut",8
Created Sapphire Pendant Earrings Necklace Set Sterling Silver Trillion Cut 2.25 Carats,5
"Unheated Ceylon Sapphire Necklace, GIA Certified, 1.05 Carats, Sri Lanka Origin, Brilliant Cut",8
"Blue Sapphire, Ruby and Created Opal Pendant Necklace 3.65 Carats (ctw) in Sterling Silver with Chain",5
14 Karat White Gold Pear Shape 1.00 Carats Created Blue Sapphire Diamond Pendant,5
Created Sapphire Pendant Necklace Sterling Silver Rhodium Nickel Finish 1.00 Carats Checker Cut,5
Belinda Jewelz Womens 14K Yellow Gold Bezel Round 7 mm Gemstone Pendant Necklace,5
Created Blue Sapphire Pendant Sterling Silver Bezel Set 2.75 Carats,5
925 Sterling Silver Diamond Sapphire Heart Pendant Charm Necklace Gemstone Fine Jewelry Gifts For Women For Her,5
Phetmanee Shop Carat Star 925 Silver White Sapphire Cocktail Ring Wedding Engagement Jewelry (8),11
FEDULK Womens Sunflower Jewelry Zirconia Rings with Side Stone Copper Leaf Eternity Band Gifts Elegant Rings,5
"Princess Cut Diamond - 11x14 Unframed Patent Print - Makes a Great Gift Under $15 for Gemologists, Jewelers or Bathroom Decor",8
Created Blue Sapphire Pendant Sterling Silver Rhodium Nickel Finish Radiant Cut 3.00 Carats,5
Rainbow Color Heart Pendant Necklace Sterling Silver Rhodium Nickel Finish 2.00 Carats,5
Created Sapphire Pendant Earrings Necklace Sterling Silver Rhodium Nickel Finish Oval Shape 1.75 Carats,5
925 Sterling Silver Created Sapphire Cubic Zirconia Cz Chain Necklace Set Pendant Charm Gemstone S Pear Birthstone Fine Jewelry Gifts For Women For Her,5
14 Karat White Gold Round Cut 2.50 Carats Created Blue Sapphire Pendant,5
"White Sapphire Beaded Necklace with Vermeil Clover Charm Studded with Cubic Zircon, Adjustable. (Designs May Vary)",8
Created Sapphire Pendant Earrings Necklace Sterling Silver Rhodium Nickel Finish Princess Cut 2 Carats,5
925 Sterling Silver Sapphire Pendant Charm Necklace Gemstone Fine Jewelry Gifts For Women For Her,5
Long Necklace With Brown And White Sapphire Beads and Freshwater Pearl Accents,8
Lanmi Elegant Jewelry 14K White Gold Natural Sapphire Necklace Women Real Diamond Sapphire Pendant,5
14 Karat White Gold Heart Shape 1.00 Carats Created Pink Sapphire Diamond Pendant,5
White Sapphire Beaded Rondelle Necklace with Cross Charm,8
Diamond & Blue Star Sapphire Pendant Necklace Sterling Silver or 14K Yellow Gold Plated Silver,5
14 Karat White Gold Round Cut 2.25 Carats Created Blue Sapphire Stud Earrings,5
"White Sapphire Beaded Necklace with Vermeil Trinket and Cubic Zircons, Adjustable",8
Created Sapphire Pendant Earrings Set Sterling Silver 10.25 Carats Snowflake Shape,5
925 Sterling Silver Diamond Mystique Platinum Plated Dia/sapphire 18 Inch Cro925 Chain Necklace Pendant Charm Cross Crucifix Fine Jewelry Gifts For Women For Her,5
14k Yellow Gold Diamond Sapphire Birthstone Pendant Charm Necklace September Oval Fine Jewelry Gifts For Women For Her,5
ANGARA Pear Blue Sapphire Teardrop Pendant Necklace for Women with Diamond in 14K White Gold (6x4mm Blue Sapphire),5
925 Sterling Silver Created Blue White Sapphire Pendant Charm Necklace Fancy Fine Jewelry Gifts For Women For Her,5
925 Sterling Silver Diamond Sapphire Oval Pendant Charm Necklace Gemstone Fine Jewelry Gifts For Women For Her,5
"Houston Diamond District 1/2-5 Carat Round Pink Sapphire 3 Prong Pendant Necklace (AAA Quality) W/ 16"" Gold Chain",5
"Princess Diana Inspired Halo Diamond & Blue Star Pendant Necklace Set In Yellow Gold Plated Silver .925 with 18"" Chain",5
Rare Multi Sapphire Nuggets Faceted Beads Necklace Huge Big Size 10x14 mm - 13x18 mm Graduation Good Quality 1800 Carats/Size- 10x14mm,13
14K Yellow Gold Jade Lucky Elephant Charm Pendant,5
Unique Kyanite Sapphire Beaded Necklace with Cubic Zircon Stones and Vermeil Charm and Trinkets,8
14k Yellow Gold Created Sapphire Bow Pendant Charm Necklace Set Birthstone September Fine Jewelry Gifts For Women For Her,5
"White Sapphire Beaded Necklace with Vermeil Cubic Zircon Trinket, Adjustable",8
925 Sterling Silver Floral Created Sapphire Pendant Charm Necklace Set Birthstone September Fine Jewelry Gifts For Women For Her,5
JSDY Womens Girls Bohemia Drawing Peacock Leaves Pendants Necklaces Earrings Set Blue,2
DesignSter Hollow Sapphire Blue Velvet Necklace Box - Long Chain Necklace Storage Case Jewelry Packaging Gift Box,5
Women Fashion Jewelry 925 Sterling Silver Blue Sapphire Claddagh Ring Set New (7),11
TOPUNDER Fashion Beautiful Womens Pendant Necklace Jewelry Chain by,5
"Baby Teething Necklace for Mom, ""Olivia"" (Sapphire)",19
Sterling Silver Simulated White Opal and Simulated Gemstone Round Halo Necklace,5
Moto G6 – 64 GB – Unlocked (AT&T/Sprint/T-Mobile/Verizon) – Deep Indigo – Prime Exclusive Phone,3
Moto G6 Play – 32 GB – Unlocked (AT&T/Sprint/T-Mobile/Verizon) – Deep Indigo – Prime Exclusive Phone,3
"Motorola Moto G6 (32GB, 3GB RAM) Dual SIM 5.7"" 4G LTE (GSM Only) Factory Unlocked Smartphone International Model XT1925-2 (Deep Indigo)",3
"Motorola Moto G6 Plus - 64GB - 5.9"" FHD+, Dual SIM 4G LTE GSM Factory Unlocked Smartphone International Model XT1926-7 (Deep Indigo)",3
Motorola Moto G6 XT1925-6 Smartphone GSM Unlocked and Verizon 32GB  Black Certified Renewed,3
"Motorola Moto G6 64GB + 4GB RAM XT1925-5 Dual SIM 5.7"" Max Vision Display LTE Factory Unlocked Smartphone (International Model) (Deep Indigo)…",3
"Motorola Moto G6 Play 32GB - Dual SIM 5.7"" 4G LTE (GSM Only) Factory Unlocked Smartphone International Version XT1922-5 (Deep Indigo)",3
Moto X (4th Generation) - with Amazon Alexa hands-free – 32 GB - Unlocked – Super Black - Prime Exclusive,3
Huawei Mate SE Factory Unlocked 5.93” - 4GB/64GB Octa-core Processor| 16MP + 2MP Dual Camera| GSM Only |Grey (US Warranty),3
Motorola Moto G6 XT1925-2 32GB 5.7in Dual SIM 4G LTE Factory Unlocked Smartphone International Model - No Warranty (Deep Indigo) (Renewed),3
"[2-Pack] Supershieldz for Motorola Moto G6 Tempered Glass Screen Protector, Anti-Scratch, Bubble Free, Lifetime Replacement",3
"Moto G6 Case, Moto G (6th Generation) Case, Sucnakp TPU Shock Absorption Technology Raised Bezels Protective Case Cover for Motorola Moto G6 5.7 Inch(Black)",3
Motorola Moto g6,3
"[4 Pack] Moto G6 Screen Protector, SPARIN Tempered Glass Screen Protector for Moto G6, Covers Viewable Display Only with Anti-Scratch/Response Quickly/Easy Installation/Bubble Free, 5.7 inch",3
"Motorola Moto G7+ Plus (64GB, 4GB RAM) Dual SIM 6.2"" 4G LTE (GSM Only) Factory Unlocked Smartphone International Model XT1965-2 (Deep Indigo)",3
Moto G7 with Alexa Hands-Free – Unlocked – 64 GB – Ceramic Black,3
"Motorola Moto G7 (64GB, 4GB RAM) Dual SIM 6.2"" 4G LTE (GSM Only) Factory Unlocked Smartphone International Model XT1962-4 (Clear White)",3
"Motorola Moto G7 Power (64GB, 4GB RAM) Dual SIM 6.2"" 4G LTE (GSM Only) Factory Unlocked Smartphone International Model XT1955-2 (Marine Blue)",3
Moto G7 Power with Alexa – Unlocked – 32 GB – Marine Blue,3
"SPARIN Moto G7 Case/Moto G7 Plus Case, [2 Pack] Soft Nature TPU Case with Camera Protection/Scratch Resistant/Shock Absorption for Motorola Moto G7 / Moto G7 Plus, Crystal Clear,6.2 inch",3
"Motorola Moto G7 Play XT1952 32GB+2GB RAM 5.7"" Max Vision LTE Factory Unlocked (International Model) (Deep Indigo)",3
"Moto G7 Case,Moto G7 Plus Case,Moto G (7th Generation) Case, E-outfit Slim Soft TPU Protective Rubber Bumper Case Cover for Motorola Moto G7/G7Plus Phone Black",3
"Moto G7 XT1962 Case, Lacass Premium Leather Flip Zipper Wallet Case Cover Stand Feature with Card Holder and Wrist Strap for Motorola Moto G7 /G7 Plus XT1965 6.2"" (Black)",3
"Nokia 7.1 - Android 9.0 Pie - 64 GB - 12+5 MP Dual Camera - Dual SIM Unlocked Smartphone (at&T/T-Mobile/MetroPCS/Cricket/H2O) - 5.84"" FHD+ HDR Screen - Blue - U.S. Warranty",3
"HOOMIL Case Compatible with Moto G7, Premium Leather Flip Wallet Phone Case for Motorola Moto G7 / Moto G7 Plus Cover (Black)",3
"Moto G7 Wallet Case, Motorola G7 Plus Case, [Flower Embossed] PU Leather Flip Protective Case Cover with Card Holder and Stand for Moto G7 & G7 Plus 6.2"" (Purple)",3
"Moto G7 Case, Moto G7 Plus Case with [9H Tempered Glass Screen Protector], Sunnyw Shock Absorption Anti-Scratch Silicone Plastic Dual Layer Hybrid Armor Cover for Motorola Moto G7/G7 Plus (Black)",3
Spigen Rugged Armor Designed for Moto G7 Case/Designed for Moto G7 Plus Case (2019) - Matte Black,3
Columbia Men's Holston Ridge Polarized Rectangular Sunglasses,5
Columbia Loma Vista Metal Frame Smoke Lens Men's Sunglasses C102S354996014070,6
Duduma Polarized Sports Sunglasses for Men Women Baseball Running Cycling Fishing Driving Golf Softball Hiking Sun Glasses Tr8116,6
Columbia Mens Titan Ridge,5
"J+S Premium Military Style Classic Aviator Sunglasses, Polarized, 100% UV protection",6
Hulislem S1 Sport Polarized Sunglasses FDA Approved,6
Columbia Men's By The Bluff Square Sunglasses,5
Columbia Men's Unparalleled Oval Sunglasses,5
Columbia Men's Utilizer UTILIZER-001 Polarized Wrap Sunglasses,5
Columbia Women's Horizons Pine Oval Sunglasses,5
Columbia- Unisex CBC302 Polarized Sunglasses,5
Duduma Polarized Sports Sunglasses for Running Cycling Fishing Golf Tr90 Unbreakable Frame,6
Columbia Men's Arbor Peak Polarized Wrap Sunglasses,5
RIVBOS Polarized Sports Sunglasses Driving Glasses Shades for Men TR90 Unbreakable Frame for Cycling Baseball RB831,6
Sunglasses Columbia C 505 S HAZEN 027 MATTE MERCURY/BLUE SKY FLASH,5
Columbia Men's Trails Edge Aviator Sunglasses,5
Columbia Womens Black Ridge,5
Columbia Men's Airgill Lite Polarized Oval Sunglasses,5
Columbia Women's Wildberry Cateye Sunglasses,5
Columbia Men's Zonafied Rectangular Sunglasses,5
Columbia Men's Point Reyes Rectangular Sunglasses,5
"Neptune (Gunmetal, Grey)",5
PAERDE Men's Polarized Sports Sunglasses for men Driving Cycling Fishing Golf Running Metal Frame Sun Glasses,6
Columbia Loma Vista Metal Frame Amber Lens Men's Sunglasses C102S354996014203,6
Columbia Men's Black Ridge Aviator Sunglasses,5
Columbia Men's Trail Warrior Rectangular Sunglasses,5
Columbia Men's Ridgestone Polarized Rectangular Sunglasses,5
Sunglasses Columbia HAZEN 223 MATTE NEW CINDER/BROWN,5
"Columbia Men's Blood and Guts III Short-Sleeve Sun Shirt, Waterproof",6
Columbia- Unisex CBC200 Polarized Sunglasses,5
Columbia Men's Vamoose Aviator Sunglasses,5
Pulabecs Men's Polarized Sports Sunglasses for Men and Women Cycling Running Fishing Driving Golf Unbreakable Al-Mg Metal Frame Glasses PS071,6
Columbia Unisex Canyons Bend Polarized Aviator Sunglasses,5
Columbia Notched Peak Polarized Lightweight Sunglasses 100% UV Protection,6
"Columbia Men’s PFG Mesh Ball Cap, Quick Drying",5
Columbia Loma Vista Metal Frame Blue Lens Men's Sunglasses C102SM355016014003,5
Sunglasses Columbia C 515 S ALPINE THISTLE 002 MATTE BLACK-SMOKE,5
Sunglasses Columbia C 532 S WILDER QUEST 002 MATTE BLACK-SMOKE,5
Columbia Men's PFG Blood & Guts III Long Sleeve Woven Shirt,6
Sunglasses Columbia ZONAFIED 001 BLACK SMOKE,5
"Columbia Men's PFG Bonehead II Long Sleeve Shirt, Cotton, Relaxed Fit",5
Columbia Big Katuna Ii Short,6
Sunglasses Columbia C 103 S KATCHOR 070 SATIN GUNMETAL/SMOKE,5
"Columbia Women's PFG Bahama Ii Long Sleeve Shirt, Breathable with Uv Protection",6
Columbia Loma Vista Metal Frame Orange Lens Men's Sunglasses C102SM355016014073,6
"Columbia Women's PFG Tamiami II Long Sleeve Shirt, UV Sun Protection, Moisture Wicking Fabric",5
Nike Men’s Air Force 1 Low Sneaker,5
"Air Jordan 1 Mid SE Men's Basketball Shoe (10.5 M US, Pine Green/Sail/Black)",5
AIR Jordan 1 RET HI OG (GS) 'Origin Story' - 575441-602,5
Nike Air Jordan 3 Retro Big Boy's Shoes White/Fire Red/Cement Grey 398614-116 (6.5 D(M) US),5
Nike Women’s Flex 2017 Rn Trainers,5
Nike Men’s Air Force 1 Mid 07 Trainers,5
Nike Air Jordan Mens Generation 23 Basketball Shoes AA1294 004 New (10),5
Nike Mens Air Jordan Spizike Basketball Shoes,5
AIR Jordan 3 Retro BG (GS) 398614-020,5
"Jordan Men's AIR Future Basketball Shoe, Black/Black/Anthracite-Metallic Black, 12 M US",5
"Air Jordan 1 Retro High OG NRG ""Gold Toe"" - 861428 007",5
Bulls Michael Jordan Signed 1990 Game Used Nike Air Jordan V Shoes BAS,15
Jordan Air True Flight,5
Nike Boys Air Jordan Mesh Athletic Basketball Shorts,5
Nike Mens Air Jordan Retro 1 Mid Basketball Shoes Black/Dark Grey/Black 554724-050 Size 9,5
Jordan Nike Mens Air 1 High Flyknit Basketball Shoes,5
AIR Jordan 1 MID 'Gym RED' - 554724-610,5
Nike Jordan Mens Lift Off Leather Synthetic Trainers,5
Air Jordan Coloring Book: Sneaker Adult Coloring Book,7
Jordan Air Future Low,5
Nike Air Jordan Mens Generation 23 Basketball Shoes AA1294 004 New (11),5
Nike Men's Air Jordan 1 Mid Basketball Shoe,5
Nike AIR Jordan Legacy 312 Mens Fashion-Sneakers AV3922,5
Jordan Kids' Air 12 Retro Bg French Black/Red,5
Nike Air Jordan 1 Mid White/Black-White (14 D(M) US),5
Nike Men's Air Jordan 1 Retro High OG 'Origin Story' Red/White 555088-602,5
Nike Jordan Men's Air Jordan XXXII Basketball Shoes,5
Nike Mens Air Jordan 12 Retro Gym Red/Black Suede Size 9.5,5
Nike Air Jordan Protro Max 720 Bred Black Gym Red BQ6623-600 US Size 12,5
"Nike Air Jordan 10 X Retro NYC Premium basketball shoes Sneaker different colors, EU Shoe Size:EUR 38.5, Color:black",5
Jordan Nike Men's Air Legacy Elephant Print-Black/Red 312 AV3922-006,5
Men Mesh Letter Solid Elastic Running Sport Flat Ankle Round Toe Casual Shoes,18
Nike Men's Air Huarache Running Shoe,5
Nike Jordan Men's Retro 6 Leather Basketball Shoes,5
Nike Jordan Air Jumpman Backpack Book Bag-Black/Red,5
Nike Mens Air Jordan Retro 1 Mid Basketball Shoes Black/Dark Grey/Black 554724-050 Size 8.5,5
Jordan Air TE 2 Low,5
No.66 TOWN Men's Air Shock Absorption Running Tennis Shoes Sneaker Basketball Shoes,5
"NIKE Jordan Men's Air Future, Phantom/Phantom-SAIL-White",5
Jordan Nike Men's Air 1 Retro Hi Double Strap Basketball Shoe,5
"Nike Mens Jordan Retro 11 ""Concord"" Basketball Shoe",5
Jordan Kids' Grade School Air Retro 11 Basketball Shoes,5
"Nike Air Jordan 1 Retro High OG NRG 861426 061""Homage to Home",5
Jordan Kids' Nike Air 10 Retro Gs,5
Nike Men's Air Ring Leader Low Basketball Shoe,5
"Nike Air Jordan Ele-mentary Backpack for 15"" Laptop in Black and Gray Elephant",4
Nike Air Jordan 23 Jumpman Backpack School,5
Nike Air Jordan Kids Square Lunch Tote,11
Jordan Eclipse Men US 9 Black Sneakers,5
Nike Air Jordan Baby Boy's Booties Socks Size 0-6 Months Baby Gift Set,5
"Original Nike Air Jordan 5 Patent Poster Prints- Set of 2 (Two 11x14) Unframed Pictures- Great Wall Art Decor Gift for Home, Office, Studio, Garage, Man Cave, Gym, Student, Chicago-Basketball Fan",8
AIR Jordan 13 Retro 'BRED' - 414571-004,5
Nike Men's AIR Jordan Zoom Tenacity Shoe Black (10.5 D(M) US),5
Nike Men's Air Max Fury Running Shoe,5
"Bosch BC537 QuietCast Premium Ceramic Disc Brake Pad Set For: Acura CL, CSX, ILX, RSX, TL, TSX, Vigor; Honda Accord, Civic, CR-Z, Prelude, S2000; Suzuki Kizashi, SX4, Rear",16
Samsung Galaxy S9 Unlocked Smartphone - 64GB - Midnight Black - US Warranty,3
Samsung Galaxy S9 Unlocked - 64gb - Midnight Black - US Warranty (Renewed),3
Samsung Galaxy S9+ Unlocked - 64gb - Midnight Black - US Warranty (Renewed),3
Samsung Galaxy S9 SM-G960U 64GB Blue AT&T (Unlocked) (Renewed),3
"Samsung Galaxy S9 (SM-G960F/DS) 4GB / 64GB 5.8-inches LTE Dual SIM (GSM Only, No CDMA) Factory Unlocked - International Stock No Warranty (Midnight Black, Phone Only)",3
Samsung Galaxy S9 SM-G960U 64GB for Verizon (Renewed),3
Samsung Galaxy S9 Plus Verizon + GSM Unlocked 64GB Lilac Purple (Renewed),3
Samsung Galaxy S8 Unlocked 64GB -  Midnight Black  [US Version],3
Samsung Galaxy S8 - 64GB - Midnight Black - Verizon + GSM Factory Unlocked 4G LTE (Renewed),3
"Samsung Galaxy S9 Screen Protector Xawy [2-Pack], [Case-Friendly] Tempered Glass Screen Protector for Samsung Galaxy S9 - (Clear)",3
Samsung Galaxy S9 Plus (SM-G965F/DS) 6GB / 128GB 6.2-inches LTE Dual SIM Factory Unlocked - International Stock No Warranty (Midnight Black),3
Samsung Galaxy S8 Plus Unlocked 64GB (Midnight Black) - (Certified Refurbished),3
"Galaxy S9 Case, YOUMAKER Metallic Blue with Built-in Screen Protector Heavy Duty Protection Shockproof Slim Fit Full Body Case Cover for Samsung Galaxy S9 5.8 inch (2018) - Blue/Black",3
"Samsung Galaxy S9 Plus (6.2"", Dual SIM) 64GB SM-G965F/DS Factory Unlocked LTE Smartphone (Lilac Purple) - International Version",3
Canada Goose Men's Expedition Parka Coat,6
Canada Goose Women's Shelburne Parka Coat,5
Canada Goose Men's Langford Parka Cpat,6
Canada Goose Women's Expedition Parka,6
Canada Goose Women's Kensington Parka Coat,6
Canada Goose Men's Carson Parka,5
Orolay Women's Thickened Down Jacket (Most Wished &Gift Ideas),6
Canada Goose Men's Wyndham Parka,6
Canada Goose Men's Langford Parka,5
Canada Goose Ladies Montebello Parka Coat,6
Canada Goose Expedition Polar Bear International Parka,6
Canada Goose Men's Chilliwack Bomber,5
Canada Goose Women's Montebello Parka,6
Canada Goose Boys Vernon Parka,6
Canada Goose Youth Vanier Vest,6
Canada Goose Women's Trillium Parka,6
Canada Goose Women's Huron Bomber Jacket,6
Canada Goose Women's Olympia Down Parka Jacket,5
Canada Goose Women's Chilliwack Bomber,6
"Canada Goose Men's Chateau Parka, No Fur",5
Canada Goose Women's Montebello Parka Algonquin Green XX-Small,6
Realistic Canada Goose T-Shirt,5
Canada Goose Banff Parka Coat,5
Canada Goose Youth Wolverine Pants,6
Canada Goose Brookvale Mens Jacket Medium Black/Graphite,5
Moose Knuckles Down 3/4 Jacket,5
"Canada Goose Women's Shelburne Parka Coat, Non-Fur",5
Canada Goose Men's Lodge Jacket,5
Canada Goose Citadel Parka,5
Woolrich Men's Arctic Parka,6
Canada Goose Men's Citadel Parka Coat,6
Canada Goose Standing Pullover Hoodie Waterfowl Lover,5
1967 CA Canada Silver Dollar Flying Goose AU/BU &/or Proof Silver About Uncirculated,15
"PUREMSX Mens Winter Jacket, Extremely Thicken Quilted Fur Hooded Long Anorak Parka Padded Coat",6
Canada Goose Custom Embroidered Sweatshirt Shirt,8
Arc'teryx Atom LT Hoody Men's,5
Arc'teryx Covert Cardigan Men's,5
Arc'teryx Captive Polo Shirt Short Sleeve Men's,5
Arc'teryx Men's Squamish Hoody,5
Arc'teryx Men's Delta Lt Jacket,5
Arc'teryx Atom AR Hoody Men's                              ,5
Arc'teryx Men's Cerium LT Hooded Jacket,5
Arc'teryx Men's Beta Sl Jacket,5
Arc'teryx Men's Alpha SV Jacket,5
Arc'teryx Bird Head Toque,5
Arc'teryx Atom LT Jacket Men's,5
Arc'teryx Men's Skyline Short Sleeve Shirt,5
Arc'teryx Thorium AR Hoody Men's,5
Arc'teryx Atom LT Vest Men's    ,5
Arc'teryx Men's Camosun Parka,5
Arc'teryx Skyline Shirt LS Men’s,5
Arcteryx Alpha AR Jacket - Men's,6
Arc'teryx Men's Atom SL Hoodie,5
Arc'teryx Men's Gamma Mx Hoody,5
Arc'teryx Men's Gamma LT Pants,6
 Arc'teryx Thorium AR Jacket Men's,5
Arc'teryx Slingblade 4 Shoulder Bag (Pilot),5
Arc'teryx Mens Motus Crew S/S,5
Arc'teryx Men's Chilco Short Sleeve Polo,5
Arc'teryx Kyanite Jacket Men's,5
Arc'teryx Delta LT Zip Neck Men’s,5
Arc'teryx Blade 20 Backpack,5
Arc'teryx Gamma LT Jacket Men's,5
Arc'teryx Rho AR Zip Neck Men's,6
Arc'teryx Index 15 Backpack,5
Arc'teryx Men's Aerios FL Mid GTX,5
Arc'teryx Men's Captive Long Sleeve Polo,5
Arc'teryx Women's Cerium LT Hoodie,5
Arc'teryx Men's Lefroy Shorts,5
Arc'teryx Women's Atom LT Hoodie,5
Arc'teryx Men's Norvan LD Shoes,5
Arc'teryx Stowe Pant Men's,5
Arc'teryx Covert Case C/O,5
Arc'teryx Index Large Toiletries Bag,2
Arc'teryx Beta SL Pant - Men's,5
Arc'teryx Men's Norvan SL GTX,5
Arc'teryx Calvus Cap,5
Arc'teryx Bird Cap,5
Arc'teryx Women's Atom Lt Hoody,5
Arc'teryx Venta Glove,5
"BlackRapid Breathe Backpack Camera Strap, 1pc of Safety Tether Included",4
"Samsung Galaxy S8 (G950u GSM only) 5.8"" Unlocked Smartphone for All GSM Carriers - Midnight Black (Certified Refurbished)",3
Samsung Galaxy S8 64GB Unlocked Phone - International Version (Midnight Black),3
Samsung Galaxy S8 SM-G950U 64GB for AT&T (Renewed),3
Samsung Galaxy S8 Unlocked 64GB - US Version (Orchid Gray) - US Warranty (Renewed),3
"Samsung Galaxy S8 G950FD 64GB Midnight Black, Dual Sim, 5.8 inches, 4GB Ram, GSM Unlocked International Model, No Warranty",3
"Samsung Galaxy S8 Active (G892A) GSM Unlocked Military-Grade Durable Smartphone w/ 5.8in Shatter-Resistant Glass, Meteor Gray (Renewed)",3
Samsung Galaxy S8 Plus SM-G955U 64GB for Verizon (Renewed),3
"Samsung Galaxy S8+ 64GB Unlocked Phone - 6.2"" Screen - International Version (Midnight Black)",3
Samsung Galaxy S8 64GB Phone - 5.8in Unlocked Smartphone - Midnight Black (Renewed),3
Samsung Galaxy S8 SM-G950U 64GB for T-Mobile (Renewed),3
"Galaxy S8 Plus Screen Protector, [2PACK][9H Hardness][Anti-Scratch][Anti-Bubble][3D Curved] [High Definition] [Ultra Clear] Glass Screen Protector Compatible Samsung Galaxy S8 Plus Clear",3
[2 Pack] Galaxy S8 Plus Screen Protector.DRGSDR Privacy Tempered Glass Anti - Spy. 3D Curved. Case Friendly. Screen Protector Shield for Samsung Galaxy S8 Plus. Transparent. Upgraded Version,3
Samsung Galaxy S8 Plus Screen Protector Xawy [2-Pack] [Case-Friendly] Tempered Glass Screen Protector for Samsung Galaxy S8 Plus - (Clear),3
"ESTEE LAUDER Advanced Night Repair Recovery Complex Ii, 1.7 Ounce",2
"Estee Lauder Daywear Advanced Multi Protection Anti Oxidant Creme All Skin Types for Unisex, 1.7 Ounce",2
"Estee Lauder Advanced Time Zone Night Age Reversing Line/Wrinkle Creme, 1.7 Ounce",2
Estee Lauder 2018 Holiday Blockbuster Gift Set $440+ Value Cool Color,2
Estee Lauder Double Wear Stay-in-Place Makeup-2N1 Desert Beige,2
Estee Lauder 2018 Holiday Blockbuster Gift Set $440+ Value Warm Color,2
Estee Lauder - Advanced Night Repair Synchronized Recovery Complex II - 50ml/1.7oz by Estee Lauder,2
Beautiful By Estee Lauder For Women. Eau De Parfum Spray 2.5 Ounces,2
"Estee Lauder Perfectly Clean Multi-action Foam Cleanser/Purifying Mask, 5 Ounce",2
Estee Lauder Daywear Advanced Multi-protection Anti-oxidant Creme SPF 15 (Normal/combination) 1.7 Oz/ 50 Ml,2
"Estee Lauder Resilience Lift Firming/Sculpting Face and Neck Creme, 1.7 Ounce",2
Youth Dew by Estee Lauder for Women - 2.25 Ounce EDP Spray,2
Estee Lauder Resilience Lift Firming/Sculpting Face and Neck Creme Broad Spectrum SPF 15 for Normal / Combination Skin 1.7 oz,2
ESTEE LAUDER REVITALIZING SUPREME GLOBAL ANTI AGING CREME SET by Estee Lauder,2
"Estee Lauder Advanced Night Repair Eye Cream Synchronized Complex II, 0.5 Ounce",2
"Estee Lauder Idealist Pore Minimizing Skin Refinisher, 1.7 Ounce",2
"ESTEE LAUDER Perfectionist Firming Serum, 1.7 Ounce",2
Estee Lauder Advanced Night Repair Eye Concentrate Matrix 15ml/0.5oz,2
"Estee Lauder Revitalizing Supreme Plus Global Anti-aging Creme for Women, 1 Ounce",2
"Estee Lauder Sumptuous Extreme Lash Multiplying Volume Mascara for Women, No.01 Extreme Black, 0.27 Ounce",2
Sensuous by Estee Lauder for Women - 3.4 Ounce EDP Spray,2
"Estee Lauder Resilience Night Firming/Sculpting Face/Neck Creme (All Skin Types) for Unisex, 1.7 Ounce",2
"ESTEE LAUDER Modern Muse Eau de Parfum Spray for Women, 3.4 Ounce",2
"Estee Lauder Perfectionist Youth-Infusing Makeup Spf 25, Fresco, 1 Ounce",2
"Estee Lauder Advanced Night Repair Synchronized Recovery Complex II Promo Size (Pack of 4, 7ml/0.24oz Each, 28ml/0.96oz Total)",2
"Estee Lauder Hydrationist Maximum Moisture Creme Normal/Combination Skin for Unisex, 1.7 Ounce",2
White Linen By Estee Lauder For Women. Eau De Parfum Spray 2 Ounces,2
"Estee Lauder Revitalizing Supreme + Global Anti-Aging Cell Power Creme, 2.5 Ounce",2
"Estee Lauder Women's Nightwear Plus Anti-Oxidant Night Detox Creme, All Skin Types, 1.7 Ounce",2
Knowing By Estee Lauder For Women. Eau De Parfum Spray 2.5 oz,2
"Estee Lauder Resilience Lift Firming/Sculpting Face and Neck Creme SPF 15 Normal/Combination Skin, 1 oz",2
"Estee Lauder Nutritious Vitality8 Radiant Moisture Creme, 1.7 Ounce",2
"Estee Lauder Pleasures Intense Eau de Parfum Splash, 3.4 Ounce",2
"Estee Lauder Resilience Lift Firming/Sculpting Eye Cream for Unisex, 0.5 Ounce",2
Estee Lauder Soft Clean Silky Hydrating Lotion 400ml/13.5oz,2
"Estee Lauder Resilience Multi-Effect Tri-Peptide Face and Neck Creme, 0.5 oz / 15ml, Travel Size Unboxed",2
"Estee Lauder Daywear Multi Protection Anti Oxidant Sheer Tint Release Moisturizer for Women, 1.7 Fluid Ounce",2
"Estee Lauder 'Pleasures' Eau de Parfum Spray, 1.7 oz",2
"Estee Lauder Daywear Advanced Multi-Protection SPF 15 Anti-Oxidant Creme for Unisex Normal/Combination Skin, 1 Ounce",2
"Renergie Lift Multi-Action Lifting and Firming Eye and Face Cream Set Includes Eye Cream, Broad Spectrum SPF 15 Day Cream and Night Cream",2
La Base Pro Perfecting Makeup Primer Smoothing Effect Oil Free 25ml/0.85oz by Lancome,2
"Lancôme La Vie Est Belle L'Eau de Parfum Spray, 3.4 Ounce",2
"Lancome Renergie Lift Multi-Action Lifting and Firming Cream, 1.7 Ounce",2
Absolue Premium Bx Replenishing and Rejuvenating Day + Night + Eye,2
La Vie Est Belle by Lancome for Women 3.4 oz L'Eau de Parfum Spray,2
"New! Lot 2 x Absolue Premium Bx SPF 15 Replenishing and Rejuvenating Day Cream, 0.5 oz each",2
Lancôme Effacernes Waterproof Protective Undereye Natural-Looking Concealer (CLAIR LL),2
"Lancome Cils Booster Xl Mascara Enhancing Base Full Size, 0.18oz",2
"Lancome Absolue Eye Precious Cells Intense Revitalizing Eye Cream, 0.7 Ounce",2
Lancome Teint Idole Ultra 24 Hour Makeup Foundation- 220 Buff (C) 1 fl. oz.,2
Lancome Creme Radiance Clarifying Cream-to-Foam Cleanser 4.2 Ounce Full Size,2
"Lancome Advanced Genifique Youth Activating Con centrate, 1.08ounce/32milliliter (Set of 4 Travel Size 0.27ounce each)     ",2
"Lancome Lancome Advanced Genifique Yeux Light-pearl Eye-illuminating Youth Activating Concentrate 20ml/0.67oz, 0.67 Oz",2
2 x Lancome Renergie Lift Multi-Action Sunscreen Broad Spectrum SPF 15 Lifting and Firming Cream All Skin Types 0.5 OZ.(15g),2
"Lancome Renergie Nuit Multi-Lift Firming Anti-Wrinkle Night Cream for Unisex, 1.7 Ounce",2
"Lancome Tonique Confort Rehydrating Lotion, 6.7-Ounce",2
"Bi-Facil Double Action Eye Makeup Remover, 4.2 oz 125Ml",2
Lancome Visionnaire Advanced Skin Corrector 50ml/1.7oz,2
Crème Mousse Confort Comforting Cleanser Creamy Foam Dry Skin 4.2oz,2
"Lancome Le Parisian Cosmetic Faux Leather Train Case, Black",2
"Lancome 2018 Holiday Beauty Box in GLOW Collection, 10 Full Size Best Sellers Favorites Set",2
"Lancome Visionnaire Yeux Advanced Multi-Correcting Eye Balm, 0.5 Ounce",2
Bienfait Multi-Vital SPF 30 Lotion Day Cream: 24-Hour Moisturizing Lotion Antioxidant and Vitamin Enriched Broad Spectrum SPF 30 Sunscreen and Moisturizer       ,2
"Lancome Grandiose Wide-Angle Fan Effect Mascara, Noir Mirifique, 0.35 Ounce",2
"Lancome La Vie Est Belle Eau de Parfum Spray, 1.7 Ounce",2
"Lancome Absolue Precious Cells Nourishing Lip Balm, 0.17 OZ/5ml each(pack 2) unbox",2
Lancome - BIENFAIT UV SPF 50+,2
Lancome Confort Tonique - Comforting Rehydrating Toner - 6.7 Ounce,2
"Lancome Confort Galatee, Dry Skin, 13.5 Ounce",2
Renergie Lift Multi-Action Night Lifting And Firming Night Cream (Unboxed) 75ml/2.6oz,2
"Lancome Tonique Douceur, 13.4 Ounce",2
Lancôme Dual Finish Versatile Multi-tasking Powder and Foundation Makeup (Matte Bisque II),2
LANCOME PARIS Nutrix Royal Body Intense Nourishing & Restoring Body Butter (Dry to Very Dry Skin) 200ml/6.7oz,2
Lancome Renergie Night Treatment 50ml/1.7oz,2
Miracle By Lancome For Women. Eau De Parfum Spray 1 Ounces,2
"Lancome Genifique Repair Youth Activating Night Cream, 1.7 Ounce",2
Renergie Lift Multi-Action Sunscreen Broad Spectrum SPF 15 Lifting and Firming Cream All Skin Types 0.5 OZ.(15g),2
"LANCÔME Advanced Genifique Concentre Activateur, 0.27 oz/each 1.08 Oz total, (Pack of 4)",2
"Lancome Renergie Yeux Multi-Lift Lifting Firming Anti-Wrinkle Eye Cream, 0.51 Ounce",2
Lancome Cils Booster XL Mascara Enhancing Base Full Size 5.2g/0.17oz,2
HALO Bolt 58830 mWh Portable Phone Laptop Charger Car Jump Starter with AC Outlet and Car Charger - Rose Gold,3
"HALO Bassinest Swivel Sleeper Premiere Series Bassinet, Luna",19
HALO: Renegades,7
BOOMco DXD58 HALO UNSC MA5 Blaster,12
"HALO SleepSack Micro-Fleece Swaddle, Baby Blue, Small",19
"HALO Bassinest Glide Sleeper, Mosaic",19
"Halo Snoozypod Vibrating Bedtime Soother, White",19
"Halo Bassinest Swivel Sleeper Bassinet - Essentia Series, White, Blue Ikat",19
"Halo Sleepsack Micro-Fleece Wearable Baby Blanket, Soft Pink, Medium",19
"HALO 3-in-1 DreamNest Rocking Bassinet, Portable Crib, Travel Cot with Breathable Mesh Mattress",19
"HALO SleepSack Plush Dot Velboa Swaddle, Cream, Newborn",19
"Halo SleepSack, Micro-fleece, Elephant Texture, Gray, Medium",19
"Love To Dream Swaddle UP, Gray, Medium, 13-18.5 lbs, Dramatically Better Sleep, Allow Baby to Sleep in Their Preferred arms up Position for self-Soothing, snug fit Calms Startle Reflex",19
OCCObaby Universal Bassinet Wedge | Waterproof Layer & Handcrafted Cotton Removable Cover | 12-degree Incline for Better Night's Sleep,19
"Halo Swaddlesure Adjustable Swaddling Pouch, Elephant, Newborn",19
"Burt's Bees Baby - Beekeeper Wearable Blanket, 100% Organic Cotton, Swaddle Transition Sleeping Bag",19
"Halo Sleepsack Cotton Wearable Blanket, Huggy Bears, Medium",19
"HALO Early Walker Sleepsack Lightweight Knit Wearable Blanket, Blue, Large",19
"HALO Bassinest Swivel Sleeper Fitted Sheet, 100% Cotton, Grey Pin Dot",19
"Simmons Kids by The Bed City Sleeper Bassinet, Grey Tweed",19
"Halo SleepSack Swaddle, 100% Cotton, Triangle Neutral, Multi, Small",19
"Halo - SleepSack 3-way Adjustable Baby Swaddle, 100% Cotton - Neutral Triangles, Newborn",19
"HALO SleepSack Plush Dot Velboa Wearable Blanket, Pink, Medium",19
"HALO Winter Weight SleepSack, Blue, Large",5
"HALO Bassinest Swivel Sleeper Luxe Plus Series Bassinet, Grey Melange",19
Motorola Halo+ Over-The-Crib Baby Monitor & Soother with HD Wi-Fi Camera & Parent Unit,19
LilliJoy Premium Bassinet Wedge Pillow for Baby | Fits Halo Bassinet | 12˚ Incline Sleep Positioner for Elevated Head & Torso Support | Anti Reflux Sleeper for Infant or Newborn Colic & Congestion,19
"Halo Bassinest Swivel Sleeper Mattress Pad Waterproof Polyester, White",11
"SwaddleMe Original Swaddle 3-PK, Coral Days (SM)",19
"Halo 100% Cotton Muslin Sleepsack Wearable Blanket, Llama Print, Small",19
"HALO Early Walker SleepSack Micro Fleece Wearable Blanket Pink, Large",19
Handmade Adjustable Flower Wreath Headband Halo Floral Crown Garland Headpiece Wedding Festival Party,5
"Fisher-Price Soothing Motions Bassinet, Windmill",19
Hudson Baby Unisex Baby Safe Sleep Wearable Muslin Sleeping Bag,19
"Swaddle Blanket, Adjustable Infant Baby Wrap, Soft Cotton in Ultra Grey",19
Motorola Halo Over-The-Crib Baby Monitor & Soother with HD Wi-Fi Camera,19
100% Cotton Wearable Blanket Baby Sleep Bag Grey Stars 2 Pack (6-12 Months),19
Floral Fall Artificial Baby Breath Flower Halo Wedding Crown Lilac Bridal Headpiece Greenery Crown HC-24,11
"HALO Big Kids Sleepsack Lightweight Knit Wearable Blanket, Blue, 4-5T",11
"2in1 Rocking Bassinet One-Second Fold Travel Crib Portable Newborn Baby,Gray",19
"SwaddleDesigns Cotton Muslin Sleeping Sack with 2-Way Zipper, Black Hedgehog with Gray Trim, Medium",19
Tiny Love Meadow Days Take Along Mobile,19
Lullaby Baby CPSC Lab Approved Large Wedge Pillow Infant Newborn Waterproof Large Size Memory Foam Foldable 12 Degree Incline Sleeper Acid Reflux for Bassinet,19
"HALO SleepSack Wearable Blanket, Velboa, Pink Plush Dots, Large",19
"Halo Safe Dreams Poly Knit Wearable Baby Blanket, Grey Dot, Small",19
"Apple iPhone 8 Plus, GSM Unlocked, 64GB - Gold (Refurbished)",3
"Apple iPhone 8 Plus, Fully Unlocked, 256GB - Gold (Renewed)",3
"Apple iPhone 8, Fully Unlocked, 64GB - Red (Renewed)",3
"Apple iPhone 7, Fully Unlocked, 32GB - Black (Renewed)",3
"Glucosamine & Chondroitin Advanced Joint Health Supplement Tablets, Move Free (200 count in a bottle), Supports Mobility, Flexibility, Strength, Lubrication and Comfort",10
 Schiff Move Free Ultra 75 Coated Tablets - pack of 2,10
"Glucosamine and Chondroitin Plus MSM & D3 Advanced Joint Health Supplement Tablets, Move Free (120 count in a bottle), Supports Mobility, Comfort, Strength, Flexibility and Lubrication",10
"Glucosamine & Chondroiton Plus MSM Advanced Joint Health Supplement Tablets, Move Free (120 count in a bottle), Supports Mobility, Flexibility, Strength, Lubrication and Comfort",10
"Type II Collagen, Boron & HA Ultra Triple Action Tablets, Move Free (60 count in a value pack), Joint Health Supplement With Just 1 Tiny Pill Per Day To Promote Joint, Cartilage and Bone Health",10
"Move Free Advanced Glucosamine Chondroitin MSM Vitamin D3 and Hyaluronic Acid Joint Supplement, 80 Count",10
"Move Free Advanced Ultra 2-in-1 with Comfortmax, Clinically Proven Joint Support, 60 Count",10
"Glucosamine & Chondroitin Advanced Joint Health Supplement Tablets, Move Free (160 count in a bottle), Supports Mobility, Flexibility, Strength, Lubrication and Comfort",10
"Move Free Ultra Triple Action Joint Supplement with Type II Collagen, Hyaluronic Acid, and Boron for Joint, Cartilage, and Bone Support, Pack of 1, 75 Count",10
"Type II Collagen, Boron & HA Ultra Triple Action Tablets, Move Free (30 count in a bottle), Joint Health Supplement With Just 1 Tiny Pill Per Day To Promote Joint, Cartilage and Bone Health",10
"Move Free Triple Strength Glucosamine Chondroitin and Hyaluronic Acid Joint Supplement, 80 Count",10
"Move Free Advanced, 170 tablets - Joint Health Supplement with Glucosamine and Chondroitin",10
Move Free Advanced Plus MSM and Vitamin D3 Joint Health Supplement with Glucosamine and Chondroitin 80 ct (Pack of 4),10
"Move Free Ultra Omega, 30 softgels - Joint Health Supplement with Omega-3 Krill Oil and Hyaluronic Acid",10
"Move Free Advanced Plus MSM, 120 tablets - Joint Health Supplement with Glucosamine and Chondroitin (Pack of 2)",10
"Turmeric & Tamarind Ultra Joint Health Supplement, Move Free (64Count in a Bottle), Clinically Proven Joint Comfort in 1 Tiny Pill A Day",10
"Move Free Ultra 2 in 1 with Comfort Max, Clinically Proven Joint Support 30 ea",10
"Move Free Advanced, 2-Pack or 400 Tablets",10
"Move Free - Ultra Omega Joint Comfort Softgel, 30 Count 11780 (DMi EA",10
"Move Free Advanced ultra tablets, 60 Count",10
"Glucosamine with Chondroitin Turmeric MSM Boswellia - Joint Pain Relief Supplement - Anti-Inflammatory & Antioxidant Pills by Vimerson Health for Your Back, Knees, Hands - Natural & Non-GMO - 90 Caps",10
"Move Free Ultra Triple Action, 30 Tablets - Joint Health Supplement with Type II Collagen, Boron and HA",10
"Schiff Move Free Ultra - Collagen and Hyaluronic Acid - 2 Bottles, 60 Tablets Each",10
"Move Free Advanced, 80 tablets - Joint Health Supplement with Glucosamine and Chondroitin",10
"Move Free Ultra Omega, 30 softgels - Joint Health Supplement with Omega-3 Krill Oil and Hyaluronic Acid (Pack of 4)",10
"Move Free Advanced, Joint Health Supplement with Glucosamine and Chondroitin (200 Count) iiiIII",10
Schiff Move Free Ultra Triple-Action Tablets (75 count),10
"Move Free Ultra with UC-II Joint Health Tablet, 30 Count",10
"Move Free Advanced Plus MSM, 120 tablets - Joint Health Supplement with Glucosamine and Chondroitin , 6 Pack",10
"Move Free Advanced, Joint Health (200 ct.)",10
Free People Women's Move Along V-Neck Stretch Bodysuit         ,5
"Move Free Advanced Triple Strength, 170 Count(Size: One Bottle of 170 Tablets) by Move Free Advanced",10
Simple Joys by Carter's Baby and Toddler Girls' 2-Pack Short-Sleeve and Sleeveless Dress Sets,5
Carter's/OshKosh B’gosh Gift Card,20
Simple Joys by Carter's Baby Boys' 4-Pack Pant,5
Simple Joys by Carter's Baby and Toddler Boys' 3-Pack Loose Fit Fleece Footed Pajamas,5
Simple Joys by Carter's Baby and Toddler Girls' 3-Pack Snug Fit Footed Cotton Pajamas,5
Simple Joys by Carter's Baby Boys' 2-Pack Cotton Footed Sleep and Play,5
Simple Joys by Carter's Baby 7-Pack Long-Sleeve Bodysuit,5
Simple Joys by Carter's Baby Girls' 4-Pack Pant,5
Simple Joys by Carter's Baby Girls' 5-Pack Long-Sleeve Bodysuit,5
Simple Joys by Carter's Baby Girls' 2-Pack Fleece Footed Sleep and Play,5
Simple Joys by Carter's Baby Boys' 3-Pack Rompers,5
Simple Joys by Carter's Baby 8-Pack Short-Sleeve Bodysuit,5
Simple Joys by Carter's Baby and Toddler Boys' 3-Pack Snug Fit Footed Cotton Pajamas,5
Carter's Baby Boys' Cardigan Sets 121h271,5
Simple Joys by Carter's Baby Boys' 2-Pack Fleece Footed Sleep and Play,5
"Simple Joys by Carter's Baby, Little Kid, and Toddler Boys' 6-Piece Snug Fit Cotton Pajama Set",5
Simple Joys by Carter's Baby 2-Pack Cotton Footed Sleep and Play,5
Simple Joys by Carter's Baby and Toddler Girls' 3-Pack Snug Fit Footless Cotton Pajamas,5
Simple Joys by Carter's Baby and Toddler Girls' 3-Pack Loose Fit Fleece Footed Pajamas,5
Simple Joys by Carter's Baby Girls' 2-Pack Cotton Footed Sleep and Play,5
Carter's Baby Girls' 8 Pack Short Sleeve Bodysuits,5
Carter's Baby Boys' Multi-pk Bodysuits 126g402,5
Simple Joys by Carter's Baby Boys' 5-Pack Long-Sleeve Bodysuit,5
Simple Joys by Carter's Baby Girls' 6-Pack Short-Sleeve Bodysuit,5
"Simple Joys by Carter's Baby, Little Kid, and Toddler Girls' 6-Piece Snug Fit Cotton Pajama Set",5
"Simple Joys by Carter's Baby Girls' 3-Pack Romper, Sunsuit and Dress",5
Simple Joys by Carter's Baby 2-Pack Fleece Footed Sleep and Play,5
Simple Joys by Carter's Baby 2-Pack Knit Cardigan Sweaters,5
Simple Joys by Carter's Baby and Toddler Boys' 3-Pack Snug Fit Footless Cotton Pajamas,5
Carter's Girls' 7-Pack Print Days Underwear,5
Carter's Baby Girls' 7-Pack Long-Sleeve Bodysuits,5
"Simple Joys by Carter's Baby Girls' 4-Piece Fleece Jacket, Pant, and Bodysuit Set",5
Simple Joys by Carter's Baby and Toddler Girls' 3-Pack Loose Fit Polyester Jersey Footed Pajamas,5
"Carter's Baby Girls' 5 Pack Bodysuits (Baby), Kitty Love",5
Carter's Baby Boys' One Piece Rompers (Pack of 2),5
"Simple Joys by Carter's Baby Girls' 4-Piece Jacket, Pant, and Bodysuit Set",5
Simple Joys by Carter's Baby 5-Pack Long-Sleeve Bodysuit,5
Simple Joys by Carter's Baby Girls' 6-Pack Sleeveless Bodysuit,5
Carter's Boys' 4 Pc Cotton 341g280,5
Carter's Girls' 2-Pack Cotton Sleep and Play,5
Carter's Baby Girl Diaper Cover Set Blue Multi Embroidery,5
Simple Joys by Carter's Baby Boys' 4-Piece Playwear Set,5
"Simple Joys by Carter's Baby Girls' 3-Piece Short-Sleeve Top, Dress, and Pants Playwear Set",5
Simple Joys by Carter's Baby 6-Pack Short-Sleeve Bodysuit,5
Simple Joys by Carter's Baby Girls' 6-Piece Bodysuits (Short and Long Sleeve) and Pants Set,5
Carter's Girls' 4-14 Jersey Gown and Doll Dress Set,5
Simple Joys by Carter's Toddler Girls' 4-Piece Long-Sleeve Shirts and Pants Playwear Set,5
"Apple iPhone 8, Fully Unlocked, 256GB - Gold (Renewed)",3
Samsung Galaxy S9 Unlocked Smartphone - 64GB - Lilac Purple - US Warranty,3
"Apple iPhone 8, AT&T, 64GB - Gold (Renewed)",3
"Apple iPhone SE, GSM Unlocked, 16 GB - Silver (Renewed)",3
"【SLICK2BUY】PREMIUM UNLOCK CHIP, Compatible with iPhone 5- XS, UNLOCK SPRINT,VERIZON,ATT, TMOBILE,METRO,XFINITY TO ANY GSM SIM (DO NOT SUPPORT VERIZON,SPRINT,XFINITY,BOOST,TOTAL - CDMA SIM CARDS)",3
"IA SIM 2019 Unlock CHIP Compatible with iPhone 5 - XS, Unlock AT&T, Verizon, Sprint, T-Mobile, Xfinity, Metro PCS, Boost, Cricket to Any World GSM Networks. DO NOT Support CDMA SIM Cards",3
"Microsoft Surface Pro 6 (Intel Core i5, 8GB RAM, 128GB) - Newest Version, Platinum",4
"Microsoft Surface Pro (5th Gen) (Intel Core i5, 8GB RAM, 256GB)",4
"Microsoft Surface Pro 3 Tablet (12-inch, 256 GB, Intel Core i5, Windows 10) + Microsoft Surface Type Cover (Renewed)",4
"2019 Surface Pro 6 12.3"" Touchscreen (2736 x 1824) Latest Model Tablet PC | Intel Quad-Core i5-8250U (>i7-7500U) | 8GB RAM | 128GB/256GB SSD | Windows 10 | Customize Your Own Accessories",4
"Microsoft Surface Pro LTE (Intel Core i5, 8GB RAM, 256GB) Newest Version",4
"Microsoft Surface Pro 4 SU3-00001 12.3-Inch Laptop (2.2 GHz Core M Family, 4GB RAM, 128 GB flash_memory_solid_state, Windows 10 Pro), Silver",4
"Microsoft Surface Pro 6 (Intel Core i5, 8GB RAM, 128GB) Bundle with Black Type Cover and Surface Pro Pen",4
"Microsoft Surface Laptop (1st Gen) (Intel Core i5, 8GB RAM, 256GB) - Platinum",4
"Microsoft Surface Pro 3 (128 GB, Intel Core i5) (Renewed)",4
Microsoft Surface Pro 5 12.3” Touch-Screen (2736 X 1824) Tablet PC | Intel Core M3 | 4GB Memory | 128GB SSD | 802.11 A/B/G/N/AC | Card Reader | USB 3.0 | Camera | Windows 10 | Platinum,4
"Microsoft Surface Pro 4 (128 GB, 4 GB RAM, Intel Core i5)",4
"Microsoft Surface Pro 4 128 GB, 4 GB RAM, Intel Core i5 (Renewed)",4
Microsoft Surface 3 10.8in Touchscreen 4 GB Memory 128 GB SSD WiFi + 4G LTE Tablet Bundle GL4-00009 (Tablet + Type Cover) (Renewed),4
"Microsoft Ljj-00001 Surface Pro (5th Gen) (Intel Core M3, 4GB, 128GB SSD) with Surface Signature Type Cover Platinum",4
"Microsoft Surface Pro 5th Gen 12.3"" PixelSense TouchScreen (2736x1824) 2-in-1 Tablet Laptop: Intel Core i5-7200U, 256GB PCIe NVMe SSD, 8GB RAM, Wi-Fi AC MIMO, Windows 10 Pro (with Platinum Type Cover)",4
"Microsoft Surface Pro with Platinum Type Cover Bundle 12.3 inch Touch-Screen (2736 X 1824) Tablet PC, Intel Core M3, 4GB RAM, 128GB SSD, WiFi, Bluetooth 4.1, MicroSD, Windows 10 Home",4
"2019 Surface Pro 6 SP6 12.3"" Touchscreen (2736 x 1824) Latest Model Tablet PC, Intel Quad-Core i5-8250U (>i7-7500U), 8GB RAM, 128GB SSD, WiFi, USB 3.0, Windows 10 Home, Silver, Customized Accessories",4
"Microsoft Surface Pro 5 Or 6 Bundle 12.3 Inch PixelSense Touchscreen Intel Core M3 / i5-8250U Windows 10 Home Or Professional with Type Cover, Pen, Office 365 1 Year,Fingerprint Typecover",4
"Microsoft Surface Pro 5 or 6 | 12.3"" Touchscreen Latest Model Tablet PC | 128GB SSD | Intel Core M3/4GB OR i5-8250U/8GB DDR4 Memory | Windows 10 Home or Professional | Customize Your Own Type Cover",4
Newest Model Microsoft Surface Pro 6 Bundle 12.3 Inch PixelSense Touchscreen Tablet PC Intel Quad Core i5-8250U (Beat i7-7500U) 8GB RAM 128GB/256GB SSD Windows 10,4
Newest Model Microsoft Surface Pro 6 Bundle 12.3 Inch PixelSense Touchscreen Tablet PC Intel Quad Core i5-8250U (Beat i7-7500U) 128GB/256GB SSD Windows 10 Home,4
"Microsoft Surface Pro 3 (256 GB, Intel Core i5)(Windows 10 Professional 64 bit) (Renewed)",4
"Apple iPhone 8 Plus, GSM Unlocked, 256GB - Silver (Refurbished)",3
"Apple iPhone 8 Plus, Fully Unlocked, 256 GB - Space Gray (Renewed)",3
Samsung Galaxy S9+ Unlocked Smartphone - Midnight Black - US Warranty,3
"Apple iPhone 8 Plus, Fully Unlocked, 256GB - Red (Renewed)",3
"Apple iPhone 8 Plus, AT&T, 64GB - Space Gray (Renewed)",3
